session_start,period_name,condition_id,btc_open,btc_close,result,orders_placed,orders_filled,orders_cancelled,orders_expired,fill_rate,total_up_shares,total_down_shares,complete_pairs,locked_profit,gross_cost,period_pnl,cumulative_session_pnl,avg_fill_edge,avg_latency_ms,mode
2026-03-05T04:44:25.640Z,2026-03-05_March_4_11-45PM-12-00AM_ET,0x57ac32710514c5979ee95dfe9c0d988fb4e2812c49876622aac40423f71c75fc,72943.46,72815.70,DOWN,4,2,1,0,0.5000,13.297091,14.992458,13.297091,-0.0091678270290973818954891986,13.9674520000000004777619,1.0250059999999995222381,1.0250059999999995222381,-0.012158,0.0,live
2026-03-05T04:44:25.640Z,2026-03-05_March_4_11PM_ET,0x6116228f6470ff765e9ebcf0666a3c17cb256be809391399d5a2cbe9e9ead83c,72497.89,72815.70,UP,2,1,0,0,0.5000,0,14,0,0,0.294,-0.294,0.7310059999999995222381,0.099830,0.0,live
2026-03-05T04:44:25.640Z,2026-03-05_March_5_12-00AM-12-15AM_ET,0x448483e6d07303dada6848beb3f04de7c4f6165cf9a356ca58ca97595f12e0d6,72825.25,72820.00,DOWN,3,1,1,0,0.3333,10.996059,14.981129,10.996059,-1.5394490015777853039813868440,14.4084910000000003815824,0.5726379999999996184176,1.3036439999999991406557,0.006242,0.0,live
2026-03-05T04:44:25.640Z,2026-03-05_March_5_12-15AM-12-30AM_ET,0xdccea5d7581b65f658818e6abd39830b76d33da3c4304a80ca0cfe292e5096f5,72775.76,72480.46,DOWN,5,1,4,0,0.2000,15,4.17,4.17,-1.1259,9.303,-5.133,-3.8293560000000008593443,0.083221,0.0,live
2026-03-05T04:44:25.640Z,2026-03-05_March_5_12-30AM-12-45AM_ET,0xff0795ad6dad5418508d37d2f2205842c8fdecb9610593eba5a89f10c111a5af,72491.60,72414.64,DOWN,3,2,1,0,0.6667,14,15,14,1.26,13.17,1.83,-1.9993560000000008593443,-0.047041,0.0,live
2026-03-05T04:44:25.640Z,2026-03-05_March_5_12AM_ET,0x3fd52f65d2de0837bf2512d8d0f86216c313df2d2cbb0d55a2c1304645a3f804,72815.70,72412.15,DOWN,3,1,1,0,0.3333,14,12,12,-1.68,14.76,-2.76,-4.7593560000000008593443,0.032617,0.0,live
2026-03-05T04:44:25.640Z,2026-03-05_March_5_12-45AM-1-00AM_ET,0xf19c4f3c34d26fd3144ba55879deaad347d8fcb3ec0e5baa209eb2fa741f7e6d,72411.18,72412.15,UP,4,0,2,0,0.0000,11.99002,13.41652,11.99002,-2.1582039787351715354939999996,14.847209000000000330944,-2.857189000000000330944,-7.6165450000000011902883,0.050240,0.0,live
2026-03-05T04:44:25.640Z,2026-03-05_March_5_1-00AM-1-15AM_ET,0xccd6d7697499e624be5246b14853ad01bc754dafee1c98bc6edfa3e7702532a2,72395.09,72150.70,DOWN,2,2,0,0,1.0000,15,15,15,0.75,14.25,0.75,-6.8665450000000011902883,0.012743,0.0,live
2026-03-05T04:44:25.640Z,2026-03-05_March_5_1-15AM-1-30AM_ET,0x4c2d87b89620d868d1270ba2c30ab72554385e6c00773812cfae4fceddd881e7,72126.25,72398.25,UP,4,2,2,0,0.5000,12.983894,14.99004,12.983894,1.8177446999999999623628000005,12.0689150000000000376372,0.9149789999999999623628,-5.9515660000000012279255,-0.017806,0.0,live
2026-03-05T04:44:25.640Z,2026-03-05_March_5_1-30AM-1-45AM_ET,0xb571ed509cc2154728fe564d16865cf8a91a6b15d350589f8b5dbb2648e7b2a3,72403.98,72422.64,UP,2,1,0,0,0.5000,13.999386,14,13.999386,0.6999691599999998668613999999,13.2996870000000001331386,0.6996989999999998668614,-5.2518670000000013610641,-0.004568,0.0,live
2026-03-05T04:44:25.640Z,2026-03-05_March_5_1AM_ET,0xb490d095cfb00cfa9386a14ac07f9782a94581408328188d2537a988bc95b4f8,72412.15,72553.63,UP,2,1,0,0,0.5000,15,15,15,0.60,14.40,0.60,-4.6518670000000013610641,0.012375,0.0,live
2026-03-05T04:44:25.640Z,2026-03-05_March_5_1-45AM-2-00AM_ET,0x963e5523332281eb458afdbede43849bbcd1862c8b2c6bc45aff7f61a6adf2da,72433.84,72553.63,UP,2,1,0,0,0.5000,13,12,12,0.48,11.95,1.05,-3.6018670000000013610641,0.000150,0.0,live
2026-03-05T04:44:25.640Z,2026-03-05_March_5_2-00AM-2-15AM_ET,0x3680a8a6573507e80c1f8ec0e14a6399d61027ecfff9b4a2582efcd7d4a70c2d,72548.09,72650.51,UP,3,2,1,0,0.6667,15,12,12,-1.32,14.79,0.21,-3.3918670000000013610641,0.004498,0.0,live
2026-03-05T04:44:25.640Z,2026-03-05_March_5_2-15AM-2-30AM_ET,0xd74466d86328ca8d35a8eb0324e89c1fe68099497d36319a34a9c942ac5023fa,72660.99,72527.27,DOWN,5,2,1,0,0.4000,15,13.391626,13.391626,-0.1238326999999999933351999999,14.2392269999999999933352,-0.8476009999999999933352,-4.2394680000000013543993,-0.004071,0.0,live
2026-03-05T07:43:12.306Z,2026-03-05_March_5_2AM_ET,0x346501288848aa853b4244ff4f38157488a402208c81cbbcacc3836d2f28ba44,72553.63,72055.50,DOWN,4,2,2,0,0.5000,16,0,24,11.2185000,0.521,10.82775,10.82775,-0.012563,0.0,live
2026-03-05T08:02:43.526Z,2026-03-05_March_5_3-00AM-3-15AM_ET,0x5a8050e737e791814ec903cefe3d44ff4980de0cef908568058bb8a72aba42a8,72000.01,71835.38,DOWN,16,2,7,0,0.1250,20,17.990966,17.990966,0.4796381799999999472286000002,18.0537670000000000527714,-0.0628010000000000527714,-0.0628010000000000527714,-0.005702,0.0,live
2026-03-05T08:15:11.579Z,2026-03-05_March_5_3-15AM-3-30AM_ET,0xa22eee55ef22975d500e194494facc914cc929369e8cd10a932dd1c551c60e01,71836.19,71829.90,DOWN,15,5,8,0,0.3333,18.99425,20.00,18.99425,-0.6026868749999999999999999997,19.966550,0.033450,0.033450,0.015466,0.0,live
2026-03-05T08:30:50.064Z,2026-03-05_March_5_3-30AM-3-45AM_ET,0x8263efee11b43e382ce50c47507c1b30898a2507f81091d1fcfb095517e63d5c,71824.58,72185.10,UP,9,2,2,0,0.2222,0,17.00,0,0,6.590,-6.590,-6.590,0.023609,0.0,live
2026-03-05T08:55:06.215Z,2026-03-05_March_5_3-45AM-4-00AM_ET,0x9ab40957ef4ed905ab1993da2afdc94996e12660f805cfefa459a44cf098ef2e,72272.70,72333.70,UP,10,0,5,0,0.0000,0,0,18,0,0,0.50,0.50,0.000000,0.0,live
2026-03-05T08:55:06.215Z,2026-03-05_March_5_4-00AM-4-15AM_ET,0x1c87f78c106b41459fb4bc557087ecab57a09f7c756404d6d27c289e113c47ad,72324.71,72613.16,UP,16,2,9,0,0.1250,6,17.00,6,0.0423529411764705882352941174,10.9400,-4.9400,-4.4400,-0.025138,0.0,live
2026-03-05T08:55:06.215Z,2026-03-05_March_5_4-15AM-4-30AM_ET,0x010f36fa79bf2b959afea5d1792dace2451c58e0ee4deaef42512f2086f52f82,72645.08,72690.81,UP,9,5,3,0,0.5556,20,19,19,0.8004999999999999999999999991,18.60,1.40,-3.0400,-0.001306,0.0,live
2026-03-05T09:30:38.546Z,2026-03-05_March_5_4-30AM-4-45AM_ET,0x65239ac1ad06b10eb2d8b44ef21d8c3874a7f8d72f88c8457abc0484d7873f55,72697.15,72553.65,DOWN,10,3,1,0,0.3000,20,18,18,0.5590000000000000000000000008,18.15,-0.15,-0.15,-0.000646,0.0,live
2026-03-05T09:30:38.546Z,2026-03-05_March_5_4AM_ET,0xbe77d839a1250165c4a9083a038cb56bf79c0bd0e9e0ff76be981ffecde1abf3,72333.70,72591.59,UP,12,1,3,0,0.0833,7,0,17.91803,-5.0170484,5.46,-3.4590150,-3.6090150,0.038898,0.0,live
2026-03-05T09:30:38.546Z,2026-03-05_March_5_4-45AM-5-00AM_ET,0x6f1660cef443cf9c667bf6db5dd1215137cca767b55cbf7d50db7e3a156b74e8,72573.92,72591.58,UP,12,4,4,0,0.3333,20,20.00,20,0.0800,19.9200,0.0800,-3.5290150,-0.011653,0.0,live
2026-03-05T09:30:38.546Z,2026-03-05_March_5_5-00AM-5-15AM_ET,0xcaa44e8d6ef4f070fb234f88fadf55710ca6cf88099a029146d80c9a80904bb1,72607.94,72722.09,UP,9,5,2,0,0.5556,18,19.00,18,0.7663157894736842105263157892,17.7300,0.2700,-3.2590150,-0.034189,0.0,live
2026-03-05T09:30:38.546Z,2026-03-05_March_5_5-15AM-5-30AM_ET,0x8f7c441498786fa4cdc22591258aa9e0cc9a6fb3c2d7f08e0b94d7babb185c7a,72725.39,73151.79,UP,13,1,5,0,0.0769,14,17.99558,14,-0.0622550092856134671949445368,16.377480999999999999856,-2.377480999999999999856,-5.636495999999999999856,-0.025462,0.0,live
2026-03-05T09:30:38.546Z,2026-03-05_March_5_5-30AM-5-45AM_ET,0x55b0287fac226d30fdf03e8e3ccc5b84adb5e9931e8e7242bcff82c108860914,73178.97,73331.63,UP,15,6,5,0,0.4000,19.00,19.16,19.00,-0.3979958246346555323590814181,19.4704,-0.4704,-6.106895999999999999856,-0.002320,0.0,live
2026-03-05T10:53:34.269Z,2026-03-05_March_5_5-45AM-6-00AM_ET,0x82e4e65e39eaf3300c5ec428c9d780a3d739b43f8215429f90b086834f91aca4,73439.43,73388.91,DOWN,9,4,2,0,0.4444,13,18,31,1.4811111111111111111111111118,13.24,5.611373727777777777777777778,5.611373727777777777777777778,0.055200,0.0,live
2026-03-05T10:53:34.269Z,2026-03-05_March_5_6-00AM-6-15AM_ET,0xbc7529289d3e960219d4ee512010e6f5b4de4aeda71705b9e516beb62b5ed34f,73392.08,73190.73,DOWN,7,6,1,0,0.8571,18,19,18,0.8136842105263157894736842112,17.69,1.31,6.921373727777777777777777778,-0.014196,0.0,live
2026-03-05T11:28:48.847Z,2026-03-05_March_5_6-30AM-6-45AM_ET,0x39ccd56b1803019f67a65039d8b058364ddc8319546094061b2472abcb18b025,73080.03,72837.67,DOWN,13,5,5,0,0.3846,19.992856,19,19,0.5470201776074416039095564946,18.7478569999999997623488,0.2521430000000002376512,0.2521430000000002376512,0.013199,0.0,live
2026-03-05T11:28:48.847Z,2026-03-05_March_5_6AM_ET,0xd45f6b4875844d259dc53b8b328bec763b782e62e665158c477c6d4b29c715a9,73388.91,72915.80,DOWN,12,1,3,0,0.0833,0,7,12,-3.84,5.74,-3.48,-3.2278569999999997623488,0.085390,0.0,live
2026-03-05T11:28:48.847Z,2026-03-05_March_5_6-45AM-7-00AM_ET,0x09a07e6d600a2cc351e7233a06c379128e1115bd024295a2bac8ee5c2d8d5de5,72850.36,72915.80,UP,7,5,1,0,0.7143,18,20.00,18,1.1680000000000000000000000002,17.5200,0.4800,-2.7478569999999997623488,0.024226,0.0,live
2026-03-05T11:28:48.847Z,2026-03-05_March_5_7-00AM-7-15AM_ET,0x021bad9db4880db297a86fb8907c4f067acd4811c7528d91279d873254f6d930,72921.04,72947.28,UP,19,4,10,0,0.2105,19.990739,19.0,19.0,0.5306715824762657775803485795,18.9057399999999998497768,1.0849990000000001502232,-1.6628579999999996121256,-0.006361,0.0,live
2026-03-05T11:28:48.847Z,2026-03-05_March_5_7-15AM-7-30AM_ET,0x3de8919b6e77cda29702b941e0eda0b856b1db633a38bbaedfb5b4308bcd7a83,72874.91,72809.10,DOWN,13,6,5,0,0.4615,18,16,16,0.4633333333333333333333333328,16.25,-0.25,-1.9128579999999996121256,0.007592,0.0,live
2026-03-05T11:28:48.847Z,2026-03-05_March_5_7-30AM-7-45AM_ET,0x2c9bbf7e2947df5237566a44781a63ad69a3eae4ebde0756ddaf724494b4b3f7,72797.42,72903.28,UP,11,3,3,0,0.2727,18,18.075592,18,1.6582952348116729367218733412,16.3787940000000001754652,1.6212059999999998245348,-0.2916519999999997875908,-0.009759,0.0,live
2026-03-05T11:28:48.847Z,2026-03-05_March_5_7-45AM-8-00AM_ET,0x93a8eb732a9f9c7c382515a61986f65bc2014f39a814f6133f8f358e4cc2bb94,72890.72,72890.74,UP,23,4,14,0,0.1739,17.00,17,17.00,-0.0700000000000000000000000003,17.0700,-0.0700,-0.3616519999999997875908,-0.009946,0.0,live
2026-03-05T11:28:48.847Z,2026-03-05_March_5_7AM_ET,0xe7ec27ab769b9c923a2b3f2718961ca63a71b2e4427204f4c9905465b1d1daf4,72915.80,72890.74,DOWN,15,4,9,0,0.2667,17.433940,20,17.433940,0.5930214399999999778165000006,18.5704430000000000221835,1.4295569999999999778165,1.0679050000000001902257,0.003933,0.0,live
2026-03-05T11:28:48.847Z,2026-03-05_March_5_8-00AM-8-15AM_ET,0x2ea8626b9e7d254ace81cc48d5a37608fb0f992fbaa9b4d878d6b99c9a0d0a7a,72908.77,72670.10,DOWN,8,3,2,0,0.3750,19,19.995453,19,0.6599566511446377519330069687,18.7979539999999999804841,1.1974990000000000195159,2.2654040000000002097416,-0.005559,0.0,live
2026-03-05T11:28:48.847Z,2026-03-05_March_5_8-15AM-8-30AM_ET,0xa76d817303dd89e065551e4982a80fb22e1cab3d1ecdb901de16c4981669dbdf,72658.80,72516.59,DOWN,25,6,16,0,0.2400,19.00,19,19.00,-0.1599999999999999999999999994,19.1600,-0.1600,2.1054040000000002097416,0.002637,0.0,live
2026-03-05T11:28:48.847Z,2026-03-05_March_5_8-30AM-8-45AM_ET,0xf88ec6c3e6617665cee3252ddbba70862e6f0dec75de8fa7d6478d30ee936910,72528.82,72518.30,DOWN,24,5,19,0,0.2083,14,18,14,-0.1555555555555555555555555554,16.96,1.04,3.1454040000000002097416,-0.040484,0.0,live
2026-03-05T11:28:48.847Z,2026-03-05_March_5_8AM_ET,0x15180e840ec448083b03957bdf73a896e14021efe40cae62e8ad242b7005fa1e,72890.73,72467.78,DOWN,12,4,5,0,0.3333,18,19,18,0.9284210526315789473684210532,17.63,1.37,4.5154040000000002097416,-0.003065,0.0,live
2026-03-05T11:28:48.847Z,2026-03-05_March_5_8-45AM-9-00AM_ET,0xc700004d173ef1ffe6e83393c2df35ec0aeae7e6f2c2f280d409857b8fb379a2,72500.59,72467.78,DOWN,16,6,6,0,0.3750,16.988934,18.999244,16.988934,0.3190245337466060179756001854,17.6443819999999998980930,1.3548620000000001019070,5.8702660000000003116486,-0.006006,0.0,live
2026-03-05T11:28:48.847Z,2026-03-05_March_5_9-00AM-9-15AM_ET,0xb8d143465b68e8aa5520be8947142654b1d0e236630cea6447db1c1372c84a60,72510.24,72614.30,UP,12,3,4,0,0.2500,18.994139,20,18.994139,0.4097652299999999660731000001,19.0168940000000000339269,-0.0227550000000000339269,5.8475110000000002777217,-0.003534,0.0,live
2026-03-05T11:28:48.847Z,2026-03-05_March_5_9-15AM-9-30AM_ET,0xf3ed21dafdf4632a07824bf50c6f7bdb6347fc9b2d9feaf6d2209c9c0435bb24,72615.47,72557.25,DOWN,19,4,12,0,0.2105,19.992458,12.00,12.00,0.3880405140778587596772742992,14.6570590000000000014350,-2.6570590000000000014350,3.1904520000000002762867,-0.014025,0.0,live
2026-03-05T14:34:42.373Z,2026-03-05_March_5_9-30AM-9-45AM_ET,0x87ab0e971f08307b86f5ad77134d08eb432c6ce445b841f2705b64d407677950,72710.91,72004.99,DOWN,12,2,7,0,0.1667,15.124909,21.996664,26.124909,1.3815291960859189164819722152,16.2460769999999993417545,3.450485271379427059353091216,3.450485271379427059353091216,0.057306,0.0,live
2026-03-05T14:34:42.373Z,2026-03-05_March_5_9-45AM-10-00AM_ET,0x802e9754862233d1643679ce62d08e5ee10a04155675735127da38e91847fd8b,72039.50,72599.99,UP,49,2,41,0,0.0408,5.00,15,5.00,0.8000,7.4000,-2.4000,1.050485271379427059353091216,0.041305,0.0,live
2026-03-05T14:34:42.373Z,2026-03-05_March_5_9AM_ET,0x9719c92eee8c03692eafe2306af8c954e74bf816b7155a458db676ca3b8cac9e,72467.79,72599.99,UP,23,2,15,0,0.0870,10.01,15,30.01,0.9991341325341325341325341327,11.2569,-0.581032534132534132534132534,0.469452737246892926818958682,0.008204,0.0,live
2026-03-05T14:34:42.373Z,2026-03-05_March_5_10-00AM-10-15AM_ET,0x56cd3af37a119e408dc01fc88f865cf9622b2452dfb94a490f1ff2282bd7933e,72644.86,71798.63,DOWN,24,4,20,0,0.1667,14.99073,7,7,-0.4664792308313204235288741775,11.834531000000000001801,-4.834531000000000001801,-4.365078262753107074982041318,-0.012732,0.0,live
2026-03-05T14:34:42.373Z,2026-03-05_March_5_10-15AM-10-30AM_ET,0xc28db39266677f056b8c2f6e6220a209d97a9d1f6cd85b1ce5950a72cf14e148,71805.90,71277.52,DOWN,31,3,22,0,0.0968,14.99739,20.00,14.99739,0.8625322249999997696690000004,16.498591000000000230331,3.501408999999999769669,-0.863669262753107305313041318,-0.003296,0.0,live
2026-03-05T15:37:31.446Z,2026-03-05_March_5_10-30AM-10-45AM_ET,0x1366846651734120e4e1d8a0a8496b15f977d048585ee74f660ce6049b5be3d2,71433.30,71494.18,UP,4,0,2,0,0.0000,15,19.996758,26.724135,0.4008834478668492765089999844,16.1990599999999999549162,-2.526805872290948279318355589,-2.526805872290948279318355589,0.000158,0.0,live
2026-03-05T15:37:31.446Z,2026-03-05_March_5_10-45AM-11-00AM_ET,0xb3d9302972647a658aa7aa4bb0a10ed39d8d976465f5203aed4442ea02c3d086,71436.30,71642.79,UP,20,5,11,0,0.2500,19.992607,19.00,19.00,0.8748944017155942301373452710,18.6760079999999999360735,1.3165990000000000639265,-1.210206872290948215391855589,0.025066,0.0,live
2026-03-05T15:37:31.446Z,2026-03-05_March_5_10AM_ET,0xd4b45af80100d835d80ee77cd50a2c00117aa39fdde8fec1eb8b940b99453e06,72609.30,71642.79,DOWN,3,0,0,0,0.0000,0,0,2.272726,0,0,-1.36363700,-2.573843872290948215391855589,0.000000,0.0,live
2026-03-05T15:37:31.446Z,2026-03-05_March_5_11-00AM-11-15AM_ET,0xc0259d8ffab5e0c03c6723e6a8ba6edcc8942f6633a82f914aaee39f18715088,71643.59,70999.96,DOWN,11,5,3,0,0.4545,20.00,10,10,0.4750,13.500,-3.500,-6.073843872290948215391855589,0.000415,0.0,live
2026-03-05T15:37:31.446Z,2026-03-05_March_5_11-15AM-11-30AM_ET,0x9c0768cc737e690435d966b15d1ce5dce121d00a87ef252ad23d246ed346fdc3,71007.47,70999.61,DOWN,29,3,19,0,0.1034,19.99015,20.00,19.99015,0.0998030000000000000000000004,19.8948780,0.1051220,-5.968721872290948215391855589,-0.001641,0.0,live
2026-03-05T16:39:04.345Z,2026-03-05_March_5_11-30AM-11-45AM_ET,0xe7ccc8e44b29b091f7fd5369a06ffb92bd3506fb73f87b4bb17668d618a0cc43,71359.19,71344.21,DOWN,3,0,0,0,0.0000,0,0,5,0,0,4.50,4.50,0.000000,0.0,live
2026-03-05T16:39:04.345Z,2026-03-05_March_5_11-45AM-12-00PM_ET,0x3a754f186f09aa9c85705bd713df11baf84889918d53e9439ec0fafbd0b59a8d,71373.54,71305.92,DOWN,20,7,12,0,0.3500,18.624771,19.991817,18.624771,0.2781566544854329014339108032,18.9446899999999998079495,1.0471270000000001920505,5.5471270000000001920505,-0.004926,0.0,live
2026-03-05T16:39:04.345Z,2026-03-05_March_5_11AM_ET,0x0c9c8bb762439e66e6b6fe13ab19a619bfd4f02d18dd81bfdcd647cc96f43228,71652.77,71305.91,DOWN,20,2,10,0,0.1000,0,10.95,15.06212,-4.7249664109589041095890410959,8.910,-4.559553150684931506849315068,0.987573849315068685201184932,0.064526,0.0,live
2026-03-05T16:39:04.345Z,2026-03-05_March_5_12-00PM-12-15PM_ET,0x677989fb841b83e4010f5aeecfc6b7a2d7bda956aed36a9c665b58de65c5bbb4,71299.98,71171.52,DOWN,24,3,15,0,0.1250,15.00,20,15.00,0.4999999999999999999999999995,16.8000,3.2000,4.187573849315068685201184932,-0.012783,0.0,live
2026-03-05T16:39:04.345Z,2026-03-05_March_5_12-15PM-12-30PM_ET,0x1df3de9579202d01f5956fa057c7562004b2a0fcd1adb74d83ec7d7af91a557f,71184.60,70961.03,DOWN,11,4,6,0,0.3636,15,5,5,-0.0333333333333333333333333335,9.40,-4.40,-0.212426150684931314798815068,-0.019034,0.0,live
2026-03-05T16:39:04.345Z,2026-03-05_March_5_12-30PM-12-45PM_ET,0xdf2fd911b2800f613bbc225f07ca19e4f06eb0ba9c8f2045c38bf639497f607f,70911.01,70857.69,DOWN,30,4,17,0,0.1333,17.00,16,16,0.4282352941176470588235294112,16.0200,-0.0200,-0.232426150684931314798815068,-0.015342,0.0,live
2026-03-05T17:48:05.305Z,2026-03-05_March_5_12-45PM-1-00PM_ET,0xd5506639ed1757cb02f01da7c6c819a101232d2e9ea6fbf66d2ec3b0fadd304c,70787.26,70708.33,DOWN,2,0,0,0,0.0000,16.00,5,16.558822,0.672702143750,9.3000,-1.14540510,-1.14540510,0.051485,0.0,live
2026-03-05T17:48:05.305Z,2026-03-05_March_5_12PM_ET,0xe0b4beeab11fe0b3ecfa1f622f97538c06a32dab254d8960f0d501168f5dafb6,71305.92,70708.33,DOWN,1,0,0,0,0.0000,0,0,5,0,0,-3.92857050,-5.07397560,0.000000,0.0,live
2026-03-05T17:48:05.305Z,2026-03-05_March_5_1-00PM-1-15PM_ET,0x58586f12d7a2d9d856913b83ec041a36f2f2e22ee75c79ef2ed62e2efbff4cba,70722.39,71027.55,UP,14,6,6,0,0.4286,19.994443,20.00,19.994443,1.0498607249999999738595999992,18.9469440000000000261404,1.0474989999999999738596,-4.0264766000000000261404,0.006454,0.0,live
2026-03-05T18:21:13.765Z,2026-03-05_March_5_1-15PM-1-30PM_ET,0x0a509c4249540774dcf0d5585ee996c4ba11275e6d41387ba7ad51cdc410fb83,70812.02,70818.87,UP,8,2,3,0,0.2500,5,10,20,-0.9000,9.10,-8.64411620,-8.64411620,-0.154683,0.0,live
2026-03-05T18:41:03.851Z,2026-03-05_March_5_1-30PM-1-45PM_ET,0x440599da01224ad97f3b3b10fff7a9aea7994e38ebd335d595dfa9d68d8c646e,70966.99,70950.57,DOWN,16,2,6,1,0.1250,5,5,10,0.60,4.70,5.30,5.30,-0.026459,0.0,live
2026-03-05T18:41:03.851Z,2026-03-05_March_5_1-45PM-2-00PM_ET,0x2c6835c17859d6c9206a7131ca08b7ef900efb56a58635ce5b3c8b5389e31450,70948.01,70990.65,UP,15,5,4,0,0.3333,20,20.00,20,0.7000,19.3000,0.7000,6.0000,0.014342,0.0,live
2026-03-05T18:41:03.851Z,2026-03-05_March_5_1PM_ET,0x44e05e69f216e282810a278581fd99391c5ac98a174be33132a1f00e2310504a,70703.37,70990.65,UP,13,0,6,0,0.0000,0,0,25,0,0,-5.00,1.0000,0.000000,0.0,live
2026-03-05T18:41:03.851Z,2026-03-05_March_5_2-00PM-2-15PM_ET,0x13a24f909918e10b12294faf81c94a4b367cd62f007ec6648b447293c1caa388,71011.20,71368.39,UP,11,5,5,0,0.4545,15,15,15,0.5500000000000000000000000005,14.45,0.55,1.5500,0.018694,0.0,live
2026-03-05T19:15:41.977Z,2026-03-05_March_5_2-15PM-2-30PM_ET,0x2d560e60ab7406cd4ae436d32e634f4be128ca955255750e99ad6191b4e93a7c,71321.75,71107.41,DOWN,18,7,8,0,0.3889,20,15,15,0.2250,16.30,-1.30,-1.30,0.025084,0.0,live
2026-03-05T19:15:41.977Z,2026-03-05_March_5_2-30PM-2-45PM_ET,0x54fdc11c4c92866e71b357b7e0a13b0b45884e524c188b84a356579ea053d9d9,71074.63,71004.87,DOWN,15,6,4,0,0.4000,19.99476,19.997776,19.99476,0.1500891583772115010454761452,19.8465860000000000448664,0.1511899999999999551336,-1.1488100000000000448664,0.002805,0.0,live
2026-03-05T19:15:41.977Z,2026-03-05_March_5_2-45PM-3-00PM_ET,0xb7502734f4114810e4097063f650bdbee9f9f0920e6eba0c7e68175b74bf125b,71016.28,70925.73,DOWN,15,6,5,0,0.4000,17.446381,17.00,17.00,0.6163611375906556236503719590,16.631081999999999997059,0.368918000000000002941,-0.7798920000000000419254,0.000889,0.0,live
2026-03-05T19:15:41.977Z,2026-03-05_March_5_3-00PM-3-15PM_ET,0xbecaebe206e29f1dff3a0289e42364b86adfe8a95bd5c3e9b5ac7554b6e7fdea,70949.02,71099.99,UP,23,8,12,0,0.3478,19.996828,19.996715,19.996715,0.5997386478163936805529385270,19.3970449999999999994845,0.5997830000000000005155,-0.1801090000000000414099,0.002107,0.0,live
2026-03-05T19:15:41.977Z,2026-03-05_March_5_3-15PM-3-30PM_ET,0xd8e7e7f71d0fc3ce18fd151dc5ab0ae78d88d3ed3d81cb3820e0230ec72033a5,71119.18,71178.63,UP,14,7,4,0,0.5000,20.00,19.998619,19.998619,0.5999240250000000812219000007,19.3994199999999999187781,0.6005800000000000812219,0.4204710000000000398120,0.002602,0.0,live
2026-03-05T19:15:41.977Z,2026-03-05_March_5_3-30PM-3-45PM_ET,0x0b59f0f63dae691a045c3068dbb0b3d467c27bc7062b3bef40f4df8f33f8a878,71199.14,71155.90,DOWN,22,5,13,0,0.2273,14.988924,20,14.988924,-0.7616454900000001593834000003,17.9930260000000001593834,2.0069739999999998406166,2.4274449999999998804286,-0.009737,0.0,live
2026-03-05T19:15:41.977Z,2026-03-05_March_5_3-45PM-4-00PM_ET,0x52527b218c2c066257f7c9e691d08a73f7cfc3a8963312f16b3eea4eca00a136,71165.98,71250.06,UP,17,5,9,0,0.2941,20.00,16.433225,16.433225,0.1020956875000001130942999998,17.9450949999999998869057,2.0549050000000001130943,4.4823499999999999935229,-0.002604,0.0,live
2026-03-05T19:15:41.977Z,2026-03-05_March_5_4-00PM-4-15PM_ET,0x91fd2eef25c53710f33bf139a0d724eb0c8c72e90b38c197b916af80f5eafb42,71248.54,71301.70,UP,23,5,15,0,0.2174,10,15.313102,10,-0.2063142921662769445000758170,12.4943029999999999811378,-2.4943029999999999811378,1.9880470000000000123851,0.003411,0.0,live
2026-03-05T21:23:37.645Z,2026-03-05_March_5_4-15PM-4-30PM_ET,0x721d3fe372234bfd9290faf66fa44b711b2e382eb83acdfcb19e297f637d5994,71447.59,71517.80,UP,4,0,0,0,0.0000,0,0,10,0,0,-2.50,-2.50,0.000000,0.0,live
2026-03-05T21:23:37.645Z,2026-03-05_March_5_4-30PM-4-45PM_ET,0xdf7e761c06e241efa8fcdb552bc89e4d2735ff97115a9d8d77b9dea644dfa6e0,71532.83,71189.00,DOWN,18,7,10,0,0.3889,19.997958,15,15,0.2999996849678350819881709920,17.2489590000000001786316,-2.2489590000000001786316,-4.7489590000000001786316,0.010708,0.0,live
2026-03-05T21:23:37.645Z,2026-03-05_March_5_4-45PM-5-00PM_ET,0x7794ed9ff317a920804ef2be98446f7c06795f94b120e69aba6109afc89890cd,71202.23,71141.93,DOWN,15,3,5,0,0.2000,19.232557,18.990239,18.990239,0.4321981457210812137651501155,18.6985559999999999723982,0.2916830000000000276018,-4.4572760000000001510298,0.000599,0.0,live
2026-03-05T21:23:37.645Z,2026-03-05_March_5_5-00PM-5-15PM_ET,0x5d8c14dbc7017e16af1aa9f744afc104c32ae982186f57dde29e939a32419a6f,71178.65,71165.24,DOWN,18,6,9,0,0.3333,15,20,15,-1.7125000000000000000000000005,18.55,1.45,-3.0072760000000001510298,0.028117,0.0,live
2026-03-05T22:19:40.082Z,2026-03-05_March_5_5-15PM-5-30PM_ET,0x54f4ed0d4cf6b1d612822a22d4108f19f319869931757ca9d5f57bd8519e3d5c,71266.21,71143.19,DOWN,13,2,8,0,0.1538,5,4.99015,15,-2.4764412723266208607739311605,4.8476360,0.3425140,0.3425140,0.131870,0.0,live
2026-03-05T22:19:40.082Z,2026-03-05_March_5_5-30PM-5-45PM_ET,0x95d158e9a964c808b0e715875abe79a7e084e7d9dc3955d5654a15a175acd14b,71226.36,71270.10,UP,14,5,6,0,0.3571,10,20,10,0.1000,13.85,-3.85,-3.5074860,0.215231,0.0,live
2026-03-05T22:19:40.082Z,2026-03-05_March_5_5-45PM-6-00PM_ET,0xf705fd1bcea3ae4b1cd23258ecf7031e080f810696f31b20e895c4c1b8d1f91f,71292.86,71208.54,DOWN,8,7,1,0,0.8750,18,20,18,1.0450000000000000000000000008,17.72,2.28,-1.2274860,-0.004714,0.0,live
2026-03-05T22:19:40.082Z,2026-03-05_March_5_6-00PM-6-15PM_ET,0xffdf9790fb8748d9d56f846eabbf25ab3653300b653130d0e552aaca0b166476,71217.60,71197.02,DOWN,11,6,3,0,0.5455,19,19.994714,19,0.3399493706186543418142515053,19.1375160000000001773982,0.8571979999999998226018,-0.3702880000000001773982,0.017125,0.0,live
2026-03-05T22:19:40.082Z,2026-03-05_March_5_6-15PM-6-30PM_ET,0x690ab628bc91051dd5621bec4940b681eb285aeb95569db1924af49670a0c1f9,71197.02,71213.98,UP,24,8,14,0,0.3333,20.0,20,20.0,0.20000,19.800,0.200,-0.1702880000000001773982,0.035771,0.0,live
2026-03-05T22:19:40.082Z,2026-03-05_March_5_6-30PM-6-45PM_ET,0x1046596bc1188aca8bbdf7470699426df461eb5286b904a6a06efcdb7b4dc961,71219.24,70919.44,DOWN,14,4,8,0,0.2857,15,5,5,0.0833333333333333333333333335,7.05,-2.05,-2.2202880000000001773982,-0.029682,0.0,live
2026-03-05T22:19:40.082Z,2026-03-05_March_5_6-45PM-7-00PM_ET,0x6cee71abf44e75272e68fcc1f87f9ba3c892818d0eea2ccedc1c96cb41f9e3bd,70915.30,70887.43,DOWN,14,3,7,0,0.2143,13.61,10,10,0.2867376928728875826598089640,11.6133,-1.6133,-3.8335880000000001773982,-0.001069,0.0,live
2026-03-06T00:09:02.220Z,2026-03-06_March_5_7-00PM-7-15PM_ET,0xd2603ef6c94bc43df201753725551662052d0af0e477d3a3a257ac39a28b5289,70937.83,71018.29,UP,17,6,5,0,0.3529,16.993683,19.993223,16.993683,0.1999936716207285190173808039,17.9035090000000001818815,-0.9098260000000001818815,-0.9098260000000001818815,-0.023368,0.0,live
2026-03-06T00:09:02.220Z,2026-03-06_March_5_7-15PM-7-30PM_ET,0x10b35bab6ba9511e64b52fdf2371661f03c71e6d565c944f5c4196067339579f,71018.29,70915.99,DOWN,16,7,6,0,0.4375,20.00,20.00,20.00,1.050000,18.9500,1.0500,0.1401739999999998181185,-0.011415,0.0,live
2026-03-06T00:09:02.220Z,2026-03-06_March_5_7-30PM-7-45PM_ET,0xad69f39eeaf580d25f2c516a18b8d8c8b5e6ecd9ffd7e8f2ce713caf74962b33,70905.04,70899.15,DOWN,24,5,14,0,0.2083,19.995093,20,19.995093,0.0997543599999999961698999999,19.8976940000000000038301,0.1023059999999999961699,0.2424799999999998142884,-0.007966,0.0,live
2026-03-06T00:09:02.220Z,2026-03-06_March_5_7-45PM-8-00PM_ET,0x47be7eb145595575d4a6565986226ff6aab5df6e8aed2001d10e8e4ab49f88c8,70905.99,70988.18,UP,17,6,9,0,0.3529,15.00,20,15.00,-0.0499999999999999999999999995,16.9000,-1.9000,-1.6575200000000001857116,0.036673,0.0,live
2026-03-06T00:09:02.220Z,2026-03-06_March_5_8-00PM-8-15PM_ET,0x354ba922be8f3aecc1cda737ddf6d93b03b539dfaf569523b34389b9343fb7b6,70983.22,70800.00,DOWN,13,4,3,0,0.3077,19.156468,20.00,19.156468,0.3162584800000000176835999997,19.3800699999999999823164,0.6199300000000000176836,-1.0375900000000001680280,0.000299,0.0,live
2026-03-06T00:09:02.220Z,2026-03-06_March_5_8-15PM-8-30PM_ET,0x9bf778d2e665db476b682b96213fe74797a60ade5aced95be39b744d9cff2971,70795.41,70465.02,DOWN,12,4,6,0,0.3333,20,20.00,20,0.8000,19.2000,0.8000,-0.2375900000000001680280,0.015423,0.0,live
2026-03-06T00:09:02.220Z,2026-03-06_March_5_8-30PM-8-45PM_ET,0x40bcc9459e61a7c8f4db45eb7e60651e7ecc860e12728bbf1fc544d1b5d11a22,70469.69,71161.18,UP,21,3,15,0,0.1429,5,14.217945,5,-0.5000000351668261708291880435,7.5279480000000000642820,-2.5279480000000000642820,-2.7655380000000002323100,0.027355,0.0,live
2026-03-06T01:54:55.033Z,2026-03-06_March_5_8-45PM-9-00PM_ET,0x149a361ba8d37fe6ad6971afbd8e2aabd36d815a8da42e2c4be3d80ceb03aa3d,71208.78,71254.53,UP,13,3,5,0,0.2308,9.998377,19.995,24.998377,-0.4371556031840276078524618806,14.096778000000000010588,-6.323152001253544987197298088,-6.323152001253544987197298088,0.051073,0.0,live
2026-03-06T01:54:55.033Z,2026-03-06_March_5_9-00PM-9-15PM_ET,0x93c7335d752557022b9e04b5f677d267adb4158dd79368ffa649b29273da436b,71218.37,71330.30,UP,19,4,12,0,0.2105,20.00,18,18,-0.3150,19.1600,0.8400,-5.483152001253544987197298088,0.013044,0.0,live
2026-03-06T02:17:03.881Z,2026-03-06_March_5_9-15PM-9-30PM_ET,0x95aa2615029c87fda2433b66b19a175207a831527290f0b807ae57274f884f83,71274.63,71335.90,UP,13,5,2,0,0.3846,25,10,20,0.6600,14.50,10.83,10.83,0.052000,0.0,live
2026-03-06T02:17:03.881Z,2026-03-06_March_5_9-30PM-9-45PM_ET,0x1abca1707aee74f3bef04be2dab55e77e9c08b284f766e26965fc218da033607,71355.71,71347.24,DOWN,20,5,13,0,0.2500,15,20.00,15,0.3750,17.8000,2.2000,13.0300,0.024973,0.0,live
2026-03-06T02:17:03.881Z,2026-03-06_March_5_9-45PM-10-00PM_ET,0xd7a5182d975fb78d8c2a2ef475772f6dd9de4866a6b2ccf73b0e05befa8dec99,71368.75,71252.43,DOWN,11,3,3,0,0.2727,20,19.994284,19.994284,0.6498425299999999165432000002,19.3466850000000000834568,0.6475989999999999165432,13.6775989999999999165432,-0.001195,0.0,live
2026-03-06T02:17:03.881Z,2026-03-06_March_5_10-00PM-10-15PM_ET,0x128db7a9c74b11a76b56c2522b68984fefc413752f3b0d43bc3cf61d0723aa7c,71250.76,71067.57,DOWN,19,6,10,0,0.3158,20.00,20,20.00,0.150000,19.8500,0.1500,13.8275989999999999165432,0.010050,0.0,live
2026-03-06T02:17:03.881Z,2026-03-06_March_5_10-15PM-10-30PM_ET,0x88c5c77dae53d0fded251b166df79baa9f954b668737e24b8d5a994729dea93a,71056.98,71180.99,UP,17,7,8,0,0.4118,19.988529,20,19.988529,0.3496766299999998339856999995,19.6449320000000001660143,0.3435969999999998339857,14.1711959999999997505289,0.014643,0.0,live
2026-03-06T02:17:03.881Z,2026-03-06_March_5_10-30PM-10-45PM_ET,0x52fdac6d5f1140d45ba12ed76b0aef766aac0f28bb0f1bebec50a140d6dd919d,71171.90,71092.00,DOWN,15,5,8,0,0.3333,20,11.59,11.59,0.5374500000000000000000000001,15.8042,-4.2142,9.9569959999999997505289,0.025191,0.0,live
2026-03-06T02:17:03.881Z,2026-03-06_March_5_10-45PM-11-00PM_ET,0xdfe293d11ebeeec4a6412a8af2ab0d860ad94770cc3cf8e256e5fd1acd436e17,71098.99,71060.91,DOWN,19,6,10,0,0.3158,20,20.00,20,0.7000,19.300,0.700,10.6569959999999997505289,-0.004501,0.0,live
